t_ms,fold,accuracy,balanced_accuracy,mean_abs_angular_error_deg,cv_scheme,participant,feature_type
-1000.0,0,0.125,0.13023504273504272,97.1590909090909,StratifiedGroupKFold,T16,spikes
-980.0,0,0.11363636363636363,0.11207264957264956,98.18181818181819,StratifiedGroupKFold,T16,spikes
-960.0,0,0.13636363636363635,0.1359241452991453,93.06818181818181,StratifiedGroupKFold,T16,spikes
-940.0,0,0.18181818181818182,0.18800747863247863,91.5340909090909,StratifiedGroupKFold,T16,spikes
-920.0,0,0.18181818181818182,0.1909989316239316,91.5340909090909,StratifiedGroupKFold,T16,spikes
-900.0,0,0.1590909090909091,0.16784188034188036,90.0,StratifiedGroupKFold,T16,spikes
-880.0,0,0.13636363636363635,0.14919871794871792,93.06818181818181,StratifiedGroupKFold,T16,spikes
-860.0,0,0.1590909090909091,0.17142094017094014,88.97727272727273,StratifiedGroupKFold,T16,spikes
-840.0,0,0.1590909090909091,0.17142094017094014,92.04545454545455,StratifiedGroupKFold,T16,spikes
-820.0,0,0.10227272727272728,0.10892094017094017,98.18181818181819,StratifiedGroupKFold,T16,spikes
-800.0,0,0.10227272727272728,0.10336538461538461,96.64772727272727,StratifiedGroupKFold,T16,spikes
-780.0,0,0.09090909090909091,0.090758547008547,87.95454545454545,StratifiedGroupKFold,T16,spikes
-760.0,0,0.10227272727272728,0.103258547008547,86.93181818181819,StratifiedGroupKFold,T16,spikes
-740.0,0,0.09090909090909091,0.08936965811965811,89.48863636363636,StratifiedGroupKFold,T16,spikes
-720.0,0,0.10227272727272728,0.103258547008547,92.55681818181819,StratifiedGroupKFold,T16,spikes
-700.0,0,0.07954545454545454,0.08183760683760682,94.60227272727273,StratifiedGroupKFold,T16,spikes
-680.0,0,0.056818181818181816,0.052564102564102565,97.1590909090909,StratifiedGroupKFold,T16,spikes
-660.0,0,0.06818181818181818,0.06565170940170939,99.7159090909091,StratifiedGroupKFold,T16,spikes
-640.0,0,0.07954545454545454,0.07606837606837608,98.18181818181819,StratifiedGroupKFold,T16,spikes
-620.0,0,0.125,0.1235309829059829,96.64772727272727,StratifiedGroupKFold,T16,spikes
-600.0,0,0.10227272727272728,0.09401709401709402,98.18181818181819,StratifiedGroupKFold,T16,spikes
-580.0,0,0.11363636363636363,0.10964209401709402,95.625,StratifiedGroupKFold,T16,spikes
-560.0,0,0.125,0.11658653846153846,91.02272727272727,StratifiedGroupKFold,T16,spikes
-540.0,0,0.11363636363636363,0.10568910256410256,94.60227272727273,StratifiedGroupKFold,T16,spikes
-520.0,0,0.13636363636363635,0.13138354700854699,92.55681818181819,StratifiedGroupKFold,T16,spikes
-500.0,0,0.125,0.12096688034188033,91.5340909090909,StratifiedGroupKFold,T16,spikes
-480.0,0,0.07954545454545454,0.07315705128205127,94.60227272727273,StratifiedGroupKFold,T16,spikes
-460.0,0,0.07954545454545454,0.07524038461538461,91.02272727272727,StratifiedGroupKFold,T16,spikes
-440.0,0,0.07954545454545454,0.07524038461538461,93.06818181818181,StratifiedGroupKFold,T16,spikes
-420.0,0,0.10227272727272728,0.09874465811965812,87.95454545454545,StratifiedGroupKFold,T16,spikes
-400.0,0,0.09090909090909091,0.09051816239316239,90.51136363636364,StratifiedGroupKFold,T16,spikes
-380.0,0,0.13636363636363635,0.1314903846153846,87.44318181818181,StratifiedGroupKFold,T16,spikes
-360.0,0,0.10227272727272728,0.09885149572649571,89.48863636363636,StratifiedGroupKFold,T16,spikes
-340.0,0,0.14772727272727273,0.1512820512820513,86.42045454545455,StratifiedGroupKFold,T16,spikes
-320.0,0,0.14772727272727273,0.15649038461538461,86.42045454545455,StratifiedGroupKFold,T16,spikes
-300.0,0,0.14772727272727273,0.15649038461538461,86.93181818181819,StratifiedGroupKFold,T16,spikes
-280.0,0,0.13636363636363635,0.14155982905982906,87.95454545454545,StratifiedGroupKFold,T16,spikes
-260.0,0,0.125,0.12905982905982905,94.0909090909091,StratifiedGroupKFold,T16,spikes
-240.0,0,0.125,0.11829594017094017,95.11363636363636,StratifiedGroupKFold,T16,spikes
-220.0,0,0.125,0.12385149572649573,94.60227272727273,StratifiedGroupKFold,T16,spikes
-200.0,0,0.11363636363636363,0.11610576923076923,101.76136363636364,StratifiedGroupKFold,T16,spikes
-180.0,0,0.11363636363636363,0.11899038461538461,97.1590909090909,StratifiedGroupKFold,T16,spikes
-160.0,0,0.10227272727272728,0.10430021367521367,94.0909090909091,StratifiedGroupKFold,T16,spikes
-140.0,0,0.13636363636363635,0.14711538461538462,87.44318181818181,StratifiedGroupKFold,T16,spikes
-120.0,0,0.1590909090909091,0.165758547008547,81.81818181818181,StratifiedGroupKFold,T16,spikes
-100.0,0,0.13636363636363635,0.14145299145299145,85.9090909090909,StratifiedGroupKFold,T16,spikes
-80.0,0,0.14772727272727273,0.15742521367521367,87.95454545454545,StratifiedGroupKFold,T16,spikes
-60.0,0,0.09090909090909091,0.0985042735042735,94.60227272727273,StratifiedGroupKFold,T16,spikes
-40.0,0,0.09090909090909091,0.09722222222222221,95.11363636363636,StratifiedGroupKFold,T16,spikes
-20.0,0,0.09090909090909091,0.09375,95.625,StratifiedGroupKFold,T16,spikes
0.0,0,0.125,0.1284722222222222,96.64772727272727,StratifiedGroupKFold,T16,spikes
20.0,0,0.1590909090909091,0.16204594017094015,90.51136363636364,StratifiedGroupKFold,T16,spikes
40.0,0,0.17045454545454544,0.17280982905982906,91.5340909090909,StratifiedGroupKFold,T16,spikes
60.0,0,0.19318181818181818,0.19805021367521367,88.4659090909091,StratifiedGroupKFold,T16,spikes
80.0,0,0.18181818181818182,0.18832799145299145,87.44318181818181,StratifiedGroupKFold,T16,spikes
100.0,0,0.17045454545454544,0.17443910256410255,90.51136363636364,StratifiedGroupKFold,T16,spikes
120.0,0,0.14772727272727273,0.14492521367521366,92.55681818181819,StratifiedGroupKFold,T16,spikes
140.0,0,0.125,0.122008547008547,91.5340909090909,StratifiedGroupKFold,T16,spikes
160.0,0,0.11363636363636363,0.10811965811965812,91.02272727272727,StratifiedGroupKFold,T16,spikes
180.0,0,0.11363636363636363,0.10950854700854701,91.5340909090909,StratifiedGroupKFold,T16,spikes
200.0,0,0.14772727272727273,0.15384615384615383,83.35227272727273,StratifiedGroupKFold,T16,spikes
220.0,0,0.1590909090909091,0.16346153846153846,83.35227272727273,StratifiedGroupKFold,T16,spikes
240.0,0,0.18181818181818182,0.18303952991452993,75.17045454545455,StratifiedGroupKFold,T16,spikes
260.0,0,0.2159090909090909,0.2185630341880342,72.10227272727273,StratifiedGroupKFold,T16,spikes
280.0,0,0.23863636363636365,0.23640491452991452,69.0340909090909,StratifiedGroupKFold,T16,spikes
300.0,0,0.2159090909090909,0.21161858974358974,68.52272727272727,StratifiedGroupKFold,T16,spikes
320.0,0,0.25,0.24599358974358976,59.82954545454545,StratifiedGroupKFold,T16,spikes
340.0,0,0.3181818181818182,0.3185630341880342,52.67045454545455,StratifiedGroupKFold,T16,spikes
360.0,0,0.3409090909090909,0.3414797008547008,55.22727272727273,StratifiedGroupKFold,T16,spikes
380.0,0,0.4090909090909091,0.4147435897435897,48.06818181818182,StratifiedGroupKFold,T16,spikes
400.0,0,0.42045454545454547,0.43199786324786327,49.09090909090909,StratifiedGroupKFold,T16,spikes
420.0,0,0.38636363636363635,0.39252136752136757,55.73863636363637,StratifiedGroupKFold,T16,spikes
440.0,0,0.375,0.37769764957264956,57.27272727272727,StratifiedGroupKFold,T16,spikes
460.0,0,0.3409090909090909,0.3507211538461538,60.34090909090909,StratifiedGroupKFold,T16,spikes
480.0,0,0.3181818181818182,0.33370726495726494,62.38636363636363,StratifiedGroupKFold,T16,spikes
500.0,0,0.3181818181818182,0.3389155982905983,59.82954545454545,StratifiedGroupKFold,T16,spikes
520.0,0,0.29545454545454547,0.3178418803418803,63.92045454545455,StratifiedGroupKFold,T16,spikes
540.0,0,0.3068181818181818,0.3309294871794872,62.89772727272727,StratifiedGroupKFold,T16,spikes
560.0,0,0.2840909090909091,0.30592948717948715,61.36363636363637,StratifiedGroupKFold,T16,spikes
580.0,0,0.2840909090909091,0.31020299145299146,58.29545454545455,StratifiedGroupKFold,T16,spikes
600.0,0,0.3181818181818182,0.3386752136752137,57.78409090909091,StratifiedGroupKFold,T16,spikes
620.0,0,0.3068181818181818,0.31495726495726495,61.36363636363637,StratifiedGroupKFold,T16,spikes
640.0,0,0.2727272727272727,0.2771100427350427,66.47727272727273,StratifiedGroupKFold,T16,spikes
660.0,0,0.2727272727272727,0.26634615384615384,67.5,StratifiedGroupKFold,T16,spikes
680.0,0,0.23863636363636365,0.23092948717948716,74.6590909090909,StratifiedGroupKFold,T16,spikes
700.0,0,0.2727272727272727,0.2657852564102564,72.61363636363636,StratifiedGroupKFold,T16,spikes
720.0,0,0.25,0.24054487179487177,72.10227272727273,StratifiedGroupKFold,T16,spikes
740.0,0,0.26136363636363635,0.256517094017094,66.47727272727273,StratifiedGroupKFold,T16,spikes
760.0,0,0.2727272727272727,0.2674145299145299,65.45454545454545,StratifiedGroupKFold,T16,spikes
780.0,0,0.25,0.24310897435897436,66.98863636363636,StratifiedGroupKFold,T16,spikes
800.0,0,0.20454545454545456,0.19484508547008544,73.125,StratifiedGroupKFold,T16,spikes
820.0,0,0.2159090909090909,0.19668803418803418,68.01136363636364,StratifiedGroupKFold,T16,spikes
840.0,0,0.22727272727272727,0.20849358974358972,68.52272727272727,StratifiedGroupKFold,T16,spikes
860.0,0,0.22727272727272727,0.2126602564102564,70.56818181818181,StratifiedGroupKFold,T16,spikes
880.0,0,0.22727272727272727,0.22248931623931623,69.0340909090909,StratifiedGroupKFold,T16,spikes
900.0,0,0.20454545454545456,0.19610042735042738,72.10227272727273,StratifiedGroupKFold,T16,spikes
920.0,0,0.19318181818181818,0.1809294871794872,74.14772727272727,StratifiedGroupKFold,T16,spikes
940.0,0,0.18181818181818182,0.18173076923076922,76.70454545454545,StratifiedGroupKFold,T16,spikes
960.0,0,0.1590909090909091,0.16030982905982905,77.2159090909091,StratifiedGroupKFold,T16,spikes
980.0,0,0.18181818181818182,0.1768696581196581,74.14772727272727,StratifiedGroupKFold,T16,spikes
1000.0,0,0.1590909090909091,0.16159188034188032,80.2840909090909,StratifiedGroupKFold,T16,spikes
1020.0,0,0.17045454545454544,0.16947115384615385,77.72727272727273,StratifiedGroupKFold,T16,spikes
1040.0,0,0.20454545454545456,0.20085470085470086,77.72727272727273,StratifiedGroupKFold,T16,spikes
1060.0,0,0.20454545454545456,0.19147970085470084,75.68181818181819,StratifiedGroupKFold,T16,spikes
1080.0,0,0.22727272727272727,0.2248130341880342,71.5909090909091,StratifiedGroupKFold,T16,spikes
1100.0,0,0.2159090909090909,0.21728098290598288,74.14772727272727,StratifiedGroupKFold,T16,spikes
1120.0,0,0.25,0.24901175213675214,73.125,StratifiedGroupKFold,T16,spikes
1140.0,0,0.26136363636363635,0.25814636752136755,71.07954545454545,StratifiedGroupKFold,T16,spikes
1160.0,0,0.3068181818181818,0.29436431623931625,64.94318181818181,StratifiedGroupKFold,T16,spikes
1180.0,0,0.3522727272727273,0.34644764957264956,57.78409090909091,StratifiedGroupKFold,T16,spikes
1200.0,0,0.3409090909090909,0.33571047008547006,57.78409090909091,StratifiedGroupKFold,T16,spikes
1220.0,0,0.36363636363636365,0.36209935897435896,55.22727272727273,StratifiedGroupKFold,T16,spikes
1240.0,0,0.32954545454545453,0.33245192307692306,57.78409090909091,StratifiedGroupKFold,T16,spikes
1260.0,0,0.3068181818181818,0.30814636752136754,64.43181818181819,StratifiedGroupKFold,T16,spikes
1280.0,0,0.3409090909090909,0.3355769230769231,60.85227272727273,StratifiedGroupKFold,T16,spikes
1300.0,0,0.38636363636363635,0.37088675213675215,53.69318181818182,StratifiedGroupKFold,T16,spikes
1320.0,0,0.4090909090909091,0.40283119658119654,48.57954545454545,StratifiedGroupKFold,T16,spikes
1340.0,0,0.4431818181818182,0.4456463675213675,47.55681818181818,StratifiedGroupKFold,T16,spikes
1360.0,0,0.4772727272727273,0.4890491452991453,45.51136363636363,StratifiedGroupKFold,T16,spikes
1380.0,0,0.5113636363636364,0.5255074786324786,41.93181818181818,StratifiedGroupKFold,T16,spikes
1400.0,0,0.5,0.5101228632478633,42.44318181818182,StratifiedGroupKFold,T16,spikes
1420.0,0,0.4772727272727273,0.4840811965811965,45.51136363636363,StratifiedGroupKFold,T16,spikes
1440.0,0,0.4659090909090909,0.4692574786324787,48.57954545454545,StratifiedGroupKFold,T16,spikes
1460.0,0,0.45454545454545453,0.46092414529914527,49.60227272727273,StratifiedGroupKFold,T16,spikes
1480.0,0,0.4318181818181818,0.43790064102564097,52.15909090909091,StratifiedGroupKFold,T16,spikes
1500.0,0,0.4431818181818182,0.4523504273504273,50.11363636363637,StratifiedGroupKFold,T16,spikes
1520.0,0,0.4431818181818182,0.46380876068376065,47.55681818181818,StratifiedGroupKFold,T16,spikes
1540.0,0,0.4431818181818182,0.4659989316239316,45.0,StratifiedGroupKFold,T16,spikes
1560.0,0,0.42045454545454547,0.4437767094017094,46.53409090909091,StratifiedGroupKFold,T16,spikes
1580.0,0,0.4090909090909091,0.4205128205128205,48.06818181818182,StratifiedGroupKFold,T16,spikes
1600.0,0,0.38636363636363635,0.3912393162393162,51.13636363636363,StratifiedGroupKFold,T16,spikes
1620.0,0,0.3977272727272727,0.40710470085470085,50.11363636363637,StratifiedGroupKFold,T16,spikes
1640.0,0,0.375,0.3836004273504273,50.11363636363637,StratifiedGroupKFold,T16,spikes
1660.0,0,0.3977272727272727,0.40283119658119654,47.04545454545455,StratifiedGroupKFold,T16,spikes
1680.0,0,0.4659090909090909,0.46776175213675214,39.88636363636363,StratifiedGroupKFold,T16,spikes
1700.0,0,0.45454545454545453,0.45734508547008546,41.93181818181818,StratifiedGroupKFold,T16,spikes
1720.0,0,0.5454545454545454,0.5470619658119658,32.21590909090909,StratifiedGroupKFold,T16,spikes
1740.0,0,0.5909090909090909,0.5977564102564104,28.125,StratifiedGroupKFold,T16,spikes
1760.0,0,0.5681818181818182,0.5633814102564103,30.681818181818183,StratifiedGroupKFold,T16,spikes
1780.0,0,0.5454545454545454,0.532719017094017,31.193181818181817,StratifiedGroupKFold,T16,spikes
1800.0,0,0.6136363636363636,0.602056623931624,25.056818181818183,StratifiedGroupKFold,T16,spikes
1820.0,0,0.625,0.617681623931624,25.056818181818183,StratifiedGroupKFold,T16,spikes
1840.0,0,0.6477272727272727,0.6316773504273504,23.011363636363637,StratifiedGroupKFold,T16,spikes
1860.0,0,0.6363636363636364,0.6216079059829059,24.03409090909091,StratifiedGroupKFold,T16,spikes
1880.0,0,0.6590909090909091,0.6463942307692307,23.011363636363637,StratifiedGroupKFold,T16,spikes
1900.0,0,0.6363636363636364,0.6195512820512821,25.056818181818183,StratifiedGroupKFold,T16,spikes
1920.0,0,0.6590909090909091,0.647676282051282,23.522727272727273,StratifiedGroupKFold,T16,spikes
1940.0,0,0.6704545454545454,0.6577457264957265,23.522727272727273,StratifiedGroupKFold,T16,spikes
1960.0,0,0.6704545454545454,0.6621527777777778,23.011363636363637,StratifiedGroupKFold,T16,spikes
1980.0,0,0.6704545454545454,0.6663194444444445,21.477272727272727,StratifiedGroupKFold,T16,spikes
-1000.0,1,0.13636363636363635,0.13883928571428572,93.06818181818181,StratifiedGroupKFold,T16,spikes
-980.0,1,0.13636363636363635,0.13883928571428572,99.20454545454545,StratifiedGroupKFold,T16,spikes
-960.0,1,0.13636363636363635,0.13883928571428572,98.18181818181819,StratifiedGroupKFold,T16,spikes
-940.0,1,0.13636363636363635,0.13169642857142855,103.29545454545455,StratifiedGroupKFold,T16,spikes
-920.0,1,0.09090909090909091,0.08482142857142858,99.20454545454545,StratifiedGroupKFold,T16,spikes
-900.0,1,0.09090909090909091,0.08482142857142858,99.20454545454545,StratifiedGroupKFold,T16,spikes
-880.0,1,0.09090909090909091,0.06919642857142858,103.29545454545455,StratifiedGroupKFold,T16,spikes
-860.0,1,0.09090909090909091,0.06919642857142858,100.22727272727273,StratifiedGroupKFold,T16,spikes
-840.0,1,0.06818181818181818,0.060714285714285714,97.1590909090909,StratifiedGroupKFold,T16,spikes
-820.0,1,0.06818181818181818,0.060714285714285714,95.11363636363636,StratifiedGroupKFold,T16,spikes
-800.0,1,0.18181818181818182,0.17678571428571427,79.77272727272727,StratifiedGroupKFold,T16,spikes
-780.0,1,0.25,0.221875,74.6590909090909,StratifiedGroupKFold,T16,spikes
-760.0,1,0.18181818181818182,0.16116071428571427,83.86363636363636,StratifiedGroupKFold,T16,spikes
-740.0,1,0.13636363636363635,0.12544642857142857,88.97727272727273,StratifiedGroupKFold,T16,spikes
-720.0,1,0.13636363636363635,0.12544642857142857,86.93181818181819,StratifiedGroupKFold,T16,spikes
-700.0,1,0.11363636363636363,0.10982142857142857,85.9090909090909,StratifiedGroupKFold,T16,spikes
-680.0,1,0.13636363636363635,0.14107142857142857,80.79545454545455,StratifiedGroupKFold,T16,spikes
-660.0,1,0.11363636363636363,0.11696428571428572,83.86363636363636,StratifiedGroupKFold,T16,spikes
-640.0,1,0.11363636363636363,0.11696428571428572,91.02272727272727,StratifiedGroupKFold,T16,spikes
-620.0,1,0.11363636363636363,0.10982142857142857,99.20454545454545,StratifiedGroupKFold,T16,spikes
-600.0,1,0.09090909090909091,0.07857142857142857,100.22727272727273,StratifiedGroupKFold,T16,spikes
-580.0,1,0.13636363636363635,0.12767857142857142,94.0909090909091,StratifiedGroupKFold,T16,spikes
-560.0,1,0.18181818181818182,0.16964285714285715,88.97727272727273,StratifiedGroupKFold,T16,spikes
-540.0,1,0.25,0.2486607142857143,77.72727272727273,StratifiedGroupKFold,T16,spikes
-520.0,1,0.22727272727272727,0.2441964285714286,83.86363636363636,StratifiedGroupKFold,T16,spikes
-500.0,1,0.18181818181818182,0.19508928571428572,84.88636363636364,StratifiedGroupKFold,T16,spikes
-480.0,1,0.20454545454545456,0.22633928571428572,81.81818181818181,StratifiedGroupKFold,T16,spikes
-460.0,1,0.20454545454545456,0.2129464285714286,83.86363636363636,StratifiedGroupKFold,T16,spikes
-440.0,1,0.18181818181818182,0.18794642857142857,80.79545454545455,StratifiedGroupKFold,T16,spikes
-420.0,1,0.22727272727272727,0.23705357142857145,70.56818181818181,StratifiedGroupKFold,T16,spikes
-400.0,1,0.20454545454545456,0.21919642857142857,80.79545454545455,StratifiedGroupKFold,T16,spikes
-380.0,1,0.1590909090909091,0.1763392857142857,82.8409090909091,StratifiedGroupKFold,T16,spikes
-360.0,1,0.13636363636363635,0.1450892857142857,86.93181818181819,StratifiedGroupKFold,T16,spikes
-340.0,1,0.1590909090909091,0.18571428571428572,83.86363636363636,StratifiedGroupKFold,T16,spikes
-320.0,1,0.13636363636363635,0.13883928571428572,87.95454545454545,StratifiedGroupKFold,T16,spikes
-300.0,1,0.18181818181818182,0.1660714285714286,83.86363636363636,StratifiedGroupKFold,T16,spikes
-280.0,1,0.20454545454545456,0.1973214285714286,92.04545454545455,StratifiedGroupKFold,T16,spikes
-260.0,1,0.1590909090909091,0.1504464285714286,96.13636363636364,StratifiedGroupKFold,T16,spikes
-240.0,1,0.1590909090909091,0.15044642857142856,98.18181818181819,StratifiedGroupKFold,T16,spikes
-220.0,1,0.09090909090909091,0.08571428571428572,100.22727272727273,StratifiedGroupKFold,T16,spikes
-200.0,1,0.13636363636363635,0.1419642857142857,91.02272727272727,StratifiedGroupKFold,T16,spikes
-180.0,1,0.1590909090909091,0.1575892857142857,90.0,StratifiedGroupKFold,T16,spikes
-160.0,1,0.18181818181818182,0.18258928571428573,87.95454545454545,StratifiedGroupKFold,T16,spikes
-140.0,1,0.11363636363636363,0.10133928571428572,93.06818181818181,StratifiedGroupKFold,T16,spikes
-120.0,1,0.13636363636363635,0.1263392857142857,86.93181818181819,StratifiedGroupKFold,T16,spikes
-100.0,1,0.18181818181818182,0.17544642857142856,76.70454545454545,StratifiedGroupKFold,T16,spikes
-80.0,1,0.20454545454545456,0.19107142857142856,73.63636363636364,StratifiedGroupKFold,T16,spikes
-60.0,1,0.20454545454545456,0.19107142857142856,76.70454545454545,StratifiedGroupKFold,T16,spikes
-40.0,1,0.20454545454545456,0.2138392857142857,78.75,StratifiedGroupKFold,T16,spikes
-20.0,1,0.1590909090909091,0.1732142857142857,85.9090909090909,StratifiedGroupKFold,T16,spikes
0.0,1,0.11363636363636363,0.1232142857142857,87.95454545454545,StratifiedGroupKFold,T16,spikes
20.0,1,0.11363636363636363,0.11696428571428572,86.93181818181819,StratifiedGroupKFold,T16,spikes
40.0,1,0.09090909090909091,0.09910714285714287,90.0,StratifiedGroupKFold,T16,spikes
60.0,1,0.06818181818181818,0.065625,94.0909090909091,StratifiedGroupKFold,T16,spikes
80.0,1,0.06818181818181818,0.065625,91.02272727272727,StratifiedGroupKFold,T16,spikes
100.0,1,0.06818181818181818,0.065625,87.95454545454545,StratifiedGroupKFold,T16,spikes
120.0,1,0.13636363636363635,0.1419642857142857,72.61363636363636,StratifiedGroupKFold,T16,spikes
140.0,1,0.13636363636363635,0.1482142857142857,68.52272727272727,StratifiedGroupKFold,T16,spikes
160.0,1,0.09090909090909091,0.09196428571428572,70.56818181818181,StratifiedGroupKFold,T16,spikes
180.0,1,0.09090909090909091,0.07633928571428572,72.61363636363636,StratifiedGroupKFold,T16,spikes
200.0,1,0.13636363636363635,0.1263392857142857,74.6590909090909,StratifiedGroupKFold,T16,spikes
220.0,1,0.1590909090909091,0.1419642857142857,71.5909090909091,StratifiedGroupKFold,T16,spikes
240.0,1,0.22727272727272727,0.20044642857142858,63.40909090909091,StratifiedGroupKFold,T16,spikes
260.0,1,0.3181818181818182,0.2830357142857143,53.18181818181818,StratifiedGroupKFold,T16,spikes
280.0,1,0.36363636363636365,0.31160714285714286,52.15909090909091,StratifiedGroupKFold,T16,spikes
300.0,1,0.36363636363636365,0.31160714285714286,47.04545454545455,StratifiedGroupKFold,T16,spikes
320.0,1,0.4090909090909091,0.35848214285714286,39.88636363636363,StratifiedGroupKFold,T16,spikes
340.0,1,0.36363636363636365,0.33616071428571426,47.04545454545455,StratifiedGroupKFold,T16,spikes
360.0,1,0.3181818181818182,0.2870535714285714,53.18181818181818,StratifiedGroupKFold,T16,spikes
380.0,1,0.3409090909090909,0.30491071428571426,52.15909090909091,StratifiedGroupKFold,T16,spikes
400.0,1,0.4318181818181818,0.40401785714285715,47.04545454545455,StratifiedGroupKFold,T16,spikes
420.0,1,0.4318181818181818,0.40625,42.95454545454545,StratifiedGroupKFold,T16,spikes
440.0,1,0.4090909090909091,0.38839285714285715,42.95454545454545,StratifiedGroupKFold,T16,spikes
460.0,1,0.4090909090909091,0.4017857142857143,48.06818181818182,StratifiedGroupKFold,T16,spikes
480.0,1,0.3409090909090909,0.34330357142857143,47.04545454545455,StratifiedGroupKFold,T16,spikes
500.0,1,0.36363636363636365,0.35892857142857143,51.13636363636363,StratifiedGroupKFold,T16,spikes
520.0,1,0.36363636363636365,0.3526785714285714,49.09090909090909,StratifiedGroupKFold,T16,spikes
540.0,1,0.4090909090909091,0.4089285714285714,42.95454545454545,StratifiedGroupKFold,T16,spikes
560.0,1,0.36363636363636365,0.3683035714285714,49.09090909090909,StratifiedGroupKFold,T16,spikes
580.0,1,0.36363636363636365,0.3611607142857143,53.18181818181818,StratifiedGroupKFold,T16,spikes
600.0,1,0.3409090909090909,0.32276785714285716,56.25,StratifiedGroupKFold,T16,spikes
620.0,1,0.3181818181818182,0.28437500000000004,57.27272727272727,StratifiedGroupKFold,T16,spikes
640.0,1,0.2727272727272727,0.24375,61.36363636363637,StratifiedGroupKFold,T16,spikes
660.0,1,0.20454545454545456,0.19017857142857142,72.61363636363636,StratifiedGroupKFold,T16,spikes
680.0,1,0.18181818181818182,0.16517857142857142,70.56818181818181,StratifiedGroupKFold,T16,spikes
700.0,1,0.18181818181818182,0.16517857142857142,69.54545454545455,StratifiedGroupKFold,T16,spikes
720.0,1,0.18181818181818182,0.16517857142857142,71.5909090909091,StratifiedGroupKFold,T16,spikes
740.0,1,0.22727272727272727,0.20089285714285715,61.36363636363637,StratifiedGroupKFold,T16,spikes
760.0,1,0.25,0.203125,56.25,StratifiedGroupKFold,T16,spikes
780.0,1,0.20454545454545456,0.17678571428571427,68.52272727272727,StratifiedGroupKFold,T16,spikes
800.0,1,0.22727272727272727,0.17678571428571427,63.40909090909091,StratifiedGroupKFold,T16,spikes
820.0,1,0.25,0.20580357142857142,60.34090909090909,StratifiedGroupKFold,T16,spikes
840.0,1,0.20454545454545456,0.17455357142857142,63.40909090909091,StratifiedGroupKFold,T16,spikes
860.0,1,0.20454545454545456,0.18794642857142857,64.43181818181819,StratifiedGroupKFold,T16,spikes
880.0,1,0.22727272727272727,0.21294642857142856,61.36363636363637,StratifiedGroupKFold,T16,spikes
900.0,1,0.22727272727272727,0.20580357142857142,62.38636363636363,StratifiedGroupKFold,T16,spikes
920.0,1,0.25,0.23080357142857144,57.27272727272727,StratifiedGroupKFold,T16,spikes
940.0,1,0.22727272727272727,0.21294642857142856,58.29545454545455,StratifiedGroupKFold,T16,spikes
960.0,1,0.25,0.2379464285714286,59.31818181818182,StratifiedGroupKFold,T16,spikes
980.0,1,0.29545454545454547,0.28705357142857146,62.38636363636363,StratifiedGroupKFold,T16,spikes
1000.0,1,0.3409090909090909,0.32767857142857143,58.29545454545455,StratifiedGroupKFold,T16,spikes
1020.0,1,0.3409090909090909,0.33392857142857146,59.31818181818182,StratifiedGroupKFold,T16,spikes
1040.0,1,0.29545454545454547,0.29553571428571423,60.34090909090909,StratifiedGroupKFold,T16,spikes
1060.0,1,0.22727272727272727,0.21517857142857144,64.43181818181819,StratifiedGroupKFold,T16,spikes
1080.0,1,0.29545454545454547,0.27366071428571426,49.09090909090909,StratifiedGroupKFold,T16,spikes
1100.0,1,0.3181818181818182,0.28928571428571426,49.09090909090909,StratifiedGroupKFold,T16,spikes
1120.0,1,0.3181818181818182,0.29330357142857144,50.11363636363637,StratifiedGroupKFold,T16,spikes
1140.0,1,0.2727272727272727,0.25044642857142857,59.31818181818182,StratifiedGroupKFold,T16,spikes
1160.0,1,0.25,0.23482142857142857,64.43181818181819,StratifiedGroupKFold,T16,spikes
1180.0,1,0.2727272727272727,0.2526785714285714,59.31818181818182,StratifiedGroupKFold,T16,spikes
1200.0,1,0.3181818181818182,0.32455357142857144,55.22727272727273,StratifiedGroupKFold,T16,spikes
1220.0,1,0.36363636363636365,0.36517857142857146,49.09090909090909,StratifiedGroupKFold,T16,spikes
1240.0,1,0.36363636363636365,0.36517857142857146,52.15909090909091,StratifiedGroupKFold,T16,spikes
1260.0,1,0.3181818181818182,0.3209821428571429,52.15909090909091,StratifiedGroupKFold,T16,spikes
1280.0,1,0.38636363636363635,0.3879464285714286,51.13636363636363,StratifiedGroupKFold,T16,spikes
1300.0,1,0.3409090909090909,0.3254464285714286,55.22727272727273,StratifiedGroupKFold,T16,spikes
1320.0,1,0.36363636363636365,0.34330357142857143,56.25,StratifiedGroupKFold,T16,spikes
1340.0,1,0.3409090909090909,0.31205357142857143,58.29545454545455,StratifiedGroupKFold,T16,spikes
1360.0,1,0.4090909090909091,0.3633928571428572,53.18181818181818,StratifiedGroupKFold,T16,spikes
1380.0,1,0.4090909090909091,0.3767857142857143,52.15909090909091,StratifiedGroupKFold,T16,spikes
1400.0,1,0.4318181818181818,0.4017857142857143,49.09090909090909,StratifiedGroupKFold,T16,spikes
1420.0,1,0.38636363636363635,0.37455357142857143,57.27272727272727,StratifiedGroupKFold,T16,spikes
1440.0,1,0.5,0.490625,49.09090909090909,StratifiedGroupKFold,T16,spikes
1460.0,1,0.36363636363636365,0.33839285714285716,57.27272727272727,StratifiedGroupKFold,T16,spikes
1480.0,1,0.38636363636363635,0.35714285714285715,55.22727272727273,StratifiedGroupKFold,T16,spikes
1500.0,1,0.4090909090909091,0.3821428571428571,57.27272727272727,StratifiedGroupKFold,T16,spikes
1520.0,1,0.4772727272727273,0.44285714285714284,56.25,StratifiedGroupKFold,T16,spikes
1540.0,1,0.45454545454545453,0.42053571428571423,52.15909090909091,StratifiedGroupKFold,T16,spikes
1560.0,1,0.5454545454545454,0.5053571428571428,41.93181818181818,StratifiedGroupKFold,T16,spikes
1580.0,1,0.4772727272727273,0.43348214285714287,45.0,StratifiedGroupKFold,T16,spikes
1600.0,1,0.4318181818181818,0.38125,48.06818181818182,StratifiedGroupKFold,T16,spikes
1620.0,1,0.4772727272727273,0.4107142857142857,43.97727272727273,StratifiedGroupKFold,T16,spikes
1640.0,1,0.4318181818181818,0.3772321428571428,43.97727272727273,StratifiedGroupKFold,T16,spikes
1660.0,1,0.45454545454545453,0.40223214285714287,43.97727272727273,StratifiedGroupKFold,T16,spikes
1680.0,1,0.45454545454545453,0.43125,41.93181818181818,StratifiedGroupKFold,T16,spikes
1700.0,1,0.5,0.47187500000000004,39.88636363636363,StratifiedGroupKFold,T16,spikes
1720.0,1,0.5227272727272727,0.49196428571428574,35.79545454545455,StratifiedGroupKFold,T16,spikes
1740.0,1,0.5909090909090909,0.5433035714285714,28.636363636363637,StratifiedGroupKFold,T16,spikes
1760.0,1,0.6590909090909091,0.6080357142857142,19.431818181818183,StratifiedGroupKFold,T16,spikes
1780.0,1,0.7045454545454546,0.6415178571428571,17.386363636363637,StratifiedGroupKFold,T16,spikes
1800.0,1,0.7272727272727273,0.6812499999999999,18.40909090909091,StratifiedGroupKFold,T16,spikes
1820.0,1,0.7045454545454546,0.6499999999999999,19.431818181818183,StratifiedGroupKFold,T16,spikes
1840.0,1,0.7045454545454546,0.6499999999999999,18.40909090909091,StratifiedGroupKFold,T16,spikes
1860.0,1,0.6136363636363636,0.5808035714285714,23.522727272727273,StratifiedGroupKFold,T16,spikes
1880.0,1,0.6136363636363636,0.6147321428571428,23.522727272727273,StratifiedGroupKFold,T16,spikes
1900.0,1,0.6363636363636364,0.6294642857142857,20.454545454545453,StratifiedGroupKFold,T16,spikes
1920.0,1,0.6363636363636364,0.6160714285714286,20.454545454545453,StratifiedGroupKFold,T16,spikes
1940.0,1,0.6136363636363636,0.5982142857142857,23.522727272727273,StratifiedGroupKFold,T16,spikes
1960.0,1,0.6590909090909091,0.6473214285714286,21.477272727272727,StratifiedGroupKFold,T16,spikes
1980.0,1,0.6590909090909091,0.6473214285714286,21.477272727272727,StratifiedGroupKFold,T16,spikes
-1000.0,2,0.11627906976744186,0.103125,95.23255813953489,StratifiedGroupKFold,T16,spikes
-980.0,2,0.09302325581395349,0.0875,101.51162790697674,StratifiedGroupKFold,T16,spikes
-960.0,2,0.06976744186046512,0.06666666666666667,102.55813953488372,StratifiedGroupKFold,T16,spikes
-940.0,2,0.09302325581395349,0.08229166666666667,102.55813953488372,StratifiedGroupKFold,T16,spikes
-920.0,2,0.13953488372093023,0.12395833333333334,86.86046511627907,StratifiedGroupKFold,T16,spikes
-900.0,2,0.11627906976744186,0.103125,90.0,StratifiedGroupKFold,T16,spikes
-880.0,2,0.09302325581395349,0.078125,88.95348837209302,StratifiedGroupKFold,T16,spikes
-860.0,2,0.13953488372093023,0.12499999999999999,78.48837209302326,StratifiedGroupKFold,T16,spikes
-840.0,2,0.18604651162790697,0.18125,76.3953488372093,StratifiedGroupKFold,T16,spikes
-820.0,2,0.16279069767441862,0.16041666666666665,81.62790697674419,StratifiedGroupKFold,T16,spikes
-800.0,2,0.16279069767441862,0.17083333333333334,91.04651162790698,StratifiedGroupKFold,T16,spikes
-780.0,2,0.13953488372093023,0.15520833333333334,88.95348837209302,StratifiedGroupKFold,T16,spikes
-760.0,2,0.16279069767441862,0.16458333333333333,78.48837209302326,StratifiedGroupKFold,T16,spikes
-740.0,2,0.18604651162790697,0.18958333333333333,73.25581395348837,StratifiedGroupKFold,T16,spikes
-720.0,2,0.18604651162790697,0.18541666666666667,76.3953488372093,StratifiedGroupKFold,T16,spikes
-700.0,2,0.13953488372093023,0.12916666666666665,84.76744186046511,StratifiedGroupKFold,T16,spikes
-680.0,2,0.16279069767441862,0.15416666666666667,90.0,StratifiedGroupKFold,T16,spikes
-660.0,2,0.18604651162790697,0.16979166666666667,85.81395348837209,StratifiedGroupKFold,T16,spikes
-640.0,2,0.18604651162790697,0.16979166666666667,91.04651162790698,StratifiedGroupKFold,T16,spikes
-620.0,2,0.16279069767441862,0.14895833333333333,95.23255813953489,StratifiedGroupKFold,T16,spikes
-600.0,2,0.11627906976744186,0.1125,97.32558139534883,StratifiedGroupKFold,T16,spikes
-580.0,2,0.11627906976744186,0.10729166666666666,99.4186046511628,StratifiedGroupKFold,T16,spikes
-560.0,2,0.09302325581395349,0.09166666666666666,99.4186046511628,StratifiedGroupKFold,T16,spikes
-540.0,2,0.06976744186046512,0.07083333333333333,98.37209302325581,StratifiedGroupKFold,T16,spikes
-520.0,2,0.09302325581395349,0.0875,93.13953488372093,StratifiedGroupKFold,T16,spikes
-500.0,2,0.13953488372093023,0.14375,85.81395348837209,StratifiedGroupKFold,T16,spikes
-480.0,2,0.18604651162790697,0.18020833333333333,85.81395348837209,StratifiedGroupKFold,T16,spikes
-460.0,2,0.20930232558139536,0.21666666666666667,84.76744186046511,StratifiedGroupKFold,T16,spikes
-440.0,2,0.20930232558139536,0.19791666666666663,86.86046511627907,StratifiedGroupKFold,T16,spikes
-420.0,2,0.20930232558139536,0.1875,87.90697674418605,StratifiedGroupKFold,T16,spikes
-400.0,2,0.20930232558139536,0.1875,86.86046511627907,StratifiedGroupKFold,T16,spikes
-380.0,2,0.18604651162790697,0.171875,87.90697674418605,StratifiedGroupKFold,T16,spikes
-360.0,2,0.18604651162790697,0.171875,90.0,StratifiedGroupKFold,T16,spikes
-340.0,2,0.18604651162790697,0.171875,87.90697674418605,StratifiedGroupKFold,T16,spikes
-320.0,2,0.18604651162790697,0.171875,88.95348837209302,StratifiedGroupKFold,T16,spikes
-300.0,2,0.16279069767441862,0.15625,92.09302325581395,StratifiedGroupKFold,T16,spikes
-280.0,2,0.09302325581395349,0.09895833333333333,99.4186046511628,StratifiedGroupKFold,T16,spikes
-260.0,2,0.06976744186046512,0.07291666666666666,96.27906976744185,StratifiedGroupKFold,T16,spikes
-240.0,2,0.06976744186046512,0.057291666666666664,92.09302325581395,StratifiedGroupKFold,T16,spikes
-220.0,2,0.11627906976744186,0.10416666666666666,93.13953488372093,StratifiedGroupKFold,T16,spikes
-200.0,2,0.11627906976744186,0.11979166666666666,93.13953488372093,StratifiedGroupKFold,T16,spikes
-180.0,2,0.11627906976744186,0.11979166666666666,87.90697674418605,StratifiedGroupKFold,T16,spikes
-160.0,2,0.13953488372093023,0.140625,92.09302325581395,StratifiedGroupKFold,T16,spikes
-140.0,2,0.11627906976744186,0.10937499999999999,91.04651162790698,StratifiedGroupKFold,T16,spikes
-120.0,2,0.09302325581395349,0.08854166666666666,88.95348837209302,StratifiedGroupKFold,T16,spikes
-100.0,2,0.11627906976744186,0.10416666666666666,90.0,StratifiedGroupKFold,T16,spikes
-80.0,2,0.13953488372093023,0.12916666666666665,86.86046511627907,StratifiedGroupKFold,T16,spikes
-60.0,2,0.09302325581395349,0.07708333333333334,85.81395348837209,StratifiedGroupKFold,T16,spikes
-40.0,2,0.13953488372093023,0.12916666666666665,81.62790697674419,StratifiedGroupKFold,T16,spikes
-20.0,2,0.13953488372093023,0.12916666666666665,81.62790697674419,StratifiedGroupKFold,T16,spikes
0.0,2,0.20930232558139536,0.2125,78.48837209302326,StratifiedGroupKFold,T16,spikes
20.0,2,0.2558139534883721,0.26458333333333334,75.34883720930233,StratifiedGroupKFold,T16,spikes
40.0,2,0.18604651162790697,0.18125,91.04651162790698,StratifiedGroupKFold,T16,spikes
60.0,2,0.09302325581395349,0.07291666666666666,100.46511627906976,StratifiedGroupKFold,T16,spikes
80.0,2,0.13953488372093023,0.12499999999999999,95.23255813953489,StratifiedGroupKFold,T16,spikes
100.0,2,0.11627906976744186,0.10937499999999999,94.18604651162791,StratifiedGroupKFold,T16,spikes
120.0,2,0.09302325581395349,0.07812499999999999,93.13953488372093,StratifiedGroupKFold,T16,spikes
140.0,2,0.09302325581395349,0.08333333333333333,88.95348837209302,StratifiedGroupKFold,T16,spikes
160.0,2,0.046511627906976744,0.041666666666666664,90.0,StratifiedGroupKFold,T16,spikes
180.0,2,0.046511627906976744,0.041666666666666664,90.0,StratifiedGroupKFold,T16,spikes
200.0,2,0.13953488372093023,0.12916666666666665,71.16279069767442,StratifiedGroupKFold,T16,spikes
220.0,2,0.18604651162790697,0.17083333333333334,69.06976744186046,StratifiedGroupKFold,T16,spikes
240.0,2,0.18604651162790697,0.18124999999999997,68.02325581395348,StratifiedGroupKFold,T16,spikes
260.0,2,0.23255813953488372,0.22708333333333333,64.88372093023256,StratifiedGroupKFold,T16,spikes
280.0,2,0.2558139534883721,0.24791666666666665,65.93023255813954,StratifiedGroupKFold,T16,spikes
300.0,2,0.20930232558139536,0.20104166666666665,74.30232558139535,StratifiedGroupKFold,T16,spikes
320.0,2,0.20930232558139536,0.20625,75.34883720930233,StratifiedGroupKFold,T16,spikes
340.0,2,0.23255813953488372,0.23229166666666667,69.06976744186046,StratifiedGroupKFold,T16,spikes
360.0,2,0.23255813953488372,0.221875,70.11627906976744,StratifiedGroupKFold,T16,spikes
380.0,2,0.3023255813953488,0.2739583333333333,56.51162790697674,StratifiedGroupKFold,T16,spikes
400.0,2,0.27906976744186046,0.24270833333333333,57.55813953488372,StratifiedGroupKFold,T16,spikes
420.0,2,0.3023255813953488,0.2739583333333333,62.7906976744186,StratifiedGroupKFold,T16,spikes
440.0,2,0.32558139534883723,0.30104166666666665,59.651162790697676,StratifiedGroupKFold,T16,spikes
460.0,2,0.32558139534883723,0.30104166666666665,55.46511627906977,StratifiedGroupKFold,T16,spikes
480.0,2,0.3488372093023256,0.321875,53.372093023255815,StratifiedGroupKFold,T16,spikes
500.0,2,0.32558139534883723,0.290625,53.372093023255815,StratifiedGroupKFold,T16,spikes
520.0,2,0.27906976744186046,0.25937499999999997,54.41860465116279,StratifiedGroupKFold,T16,spikes
540.0,2,0.3023255813953488,0.290625,52.325581395348834,StratifiedGroupKFold,T16,spikes
560.0,2,0.2558139534883721,0.24479166666666666,59.651162790697676,StratifiedGroupKFold,T16,spikes
580.0,2,0.23255813953488372,0.21354166666666666,57.55813953488372,StratifiedGroupKFold,T16,spikes
600.0,2,0.27906976744186046,0.23333333333333334,51.27906976744186,StratifiedGroupKFold,T16,spikes
620.0,2,0.2558139534883721,0.20729166666666665,56.51162790697674,StratifiedGroupKFold,T16,spikes
640.0,2,0.27906976744186046,0.2489583333333333,55.46511627906977,StratifiedGroupKFold,T16,spikes
660.0,2,0.2558139534883721,0.234375,53.372093023255815,StratifiedGroupKFold,T16,spikes
680.0,2,0.2558139534883721,0.23437499999999997,54.41860465116279,StratifiedGroupKFold,T16,spikes
700.0,2,0.20930232558139536,0.1875,57.55813953488372,StratifiedGroupKFold,T16,spikes
720.0,2,0.23255813953488372,0.20833333333333331,58.604651162790695,StratifiedGroupKFold,T16,spikes
740.0,2,0.20930232558139536,0.17708333333333331,66.97674418604652,StratifiedGroupKFold,T16,spikes
760.0,2,0.16279069767441862,0.140625,75.34883720930233,StratifiedGroupKFold,T16,spikes
780.0,2,0.16279069767441862,0.13541666666666666,73.25581395348837,StratifiedGroupKFold,T16,spikes
800.0,2,0.16279069767441862,0.14583333333333331,74.30232558139535,StratifiedGroupKFold,T16,spikes
820.0,2,0.20930232558139536,0.20208333333333334,66.97674418604652,StratifiedGroupKFold,T16,spikes
840.0,2,0.20930232558139536,0.20729166666666665,69.06976744186046,StratifiedGroupKFold,T16,spikes
860.0,2,0.23255813953488372,0.228125,71.16279069767442,StratifiedGroupKFold,T16,spikes
880.0,2,0.20930232558139536,0.18645833333333334,72.20930232558139,StratifiedGroupKFold,T16,spikes
900.0,2,0.16279069767441862,0.15520833333333334,74.30232558139535,StratifiedGroupKFold,T16,spikes
920.0,2,0.20930232558139536,0.19166666666666665,63.83720930232558,StratifiedGroupKFold,T16,spikes
940.0,2,0.2558139534883721,0.2489583333333333,62.7906976744186,StratifiedGroupKFold,T16,spikes
960.0,2,0.3023255813953488,0.290625,63.83720930232558,StratifiedGroupKFold,T16,spikes
980.0,2,0.32558139534883723,0.321875,61.74418604651163,StratifiedGroupKFold,T16,spikes
1000.0,2,0.32558139534883723,0.321875,58.604651162790695,StratifiedGroupKFold,T16,spikes
1020.0,2,0.32558139534883723,0.321875,55.46511627906977,StratifiedGroupKFold,T16,spikes
1040.0,2,0.32558139534883723,0.3260416666666667,54.41860465116279,StratifiedGroupKFold,T16,spikes
1060.0,2,0.4186046511627907,0.41874999999999996,48.13953488372093,StratifiedGroupKFold,T16,spikes
1080.0,2,0.4186046511627907,0.425,45.0,StratifiedGroupKFold,T16,spikes
1100.0,2,0.37209302325581395,0.3416666666666667,54.41860465116279,StratifiedGroupKFold,T16,spikes
1120.0,2,0.3953488372093023,0.3666666666666667,52.325581395348834,StratifiedGroupKFold,T16,spikes
1140.0,2,0.4418604651162791,0.41874999999999996,48.13953488372093,StratifiedGroupKFold,T16,spikes
1160.0,2,0.3953488372093023,0.3729166666666667,51.27906976744186,StratifiedGroupKFold,T16,spikes
1180.0,2,0.3953488372093023,0.3885416666666667,49.18604651162791,StratifiedGroupKFold,T16,spikes
1200.0,2,0.4186046511627907,0.409375,50.23255813953488,StratifiedGroupKFold,T16,spikes
1220.0,2,0.37209302325581395,0.3677083333333333,54.41860465116279,StratifiedGroupKFold,T16,spikes
1240.0,2,0.3488372093023256,0.33125,56.51162790697674,StratifiedGroupKFold,T16,spikes
1260.0,2,0.37209302325581395,0.3520833333333333,53.372093023255815,StratifiedGroupKFold,T16,spikes
1280.0,2,0.37209302325581395,0.3520833333333333,54.41860465116279,StratifiedGroupKFold,T16,spikes
1300.0,2,0.4186046511627907,0.4145833333333333,53.372093023255815,StratifiedGroupKFold,T16,spikes
1320.0,2,0.3953488372093023,0.4052083333333333,55.46511627906977,StratifiedGroupKFold,T16,spikes
1340.0,2,0.37209302325581395,0.3739583333333333,57.55813953488372,StratifiedGroupKFold,T16,spikes
1360.0,2,0.3953488372093023,0.3895833333333333,56.51162790697674,StratifiedGroupKFold,T16,spikes
1380.0,2,0.3488372093023256,0.32291666666666663,59.651162790697676,StratifiedGroupKFold,T16,spikes
1400.0,2,0.3023255813953488,0.2708333333333333,63.83720930232558,StratifiedGroupKFold,T16,spikes
1420.0,2,0.27906976744186046,0.25,62.7906976744186,StratifiedGroupKFold,T16,spikes
1440.0,2,0.32558139534883723,0.3020833333333333,60.69767441860465,StratifiedGroupKFold,T16,spikes
1460.0,2,0.37209302325581395,0.34375,54.41860465116279,StratifiedGroupKFold,T16,spikes
1480.0,2,0.37209302325581395,0.3489583333333333,50.23255813953488,StratifiedGroupKFold,T16,spikes
1500.0,2,0.37209302325581395,0.36979166666666663,50.23255813953488,StratifiedGroupKFold,T16,spikes
1520.0,2,0.3953488372093023,0.390625,48.13953488372093,StratifiedGroupKFold,T16,spikes
1540.0,2,0.37209302325581395,0.36979166666666663,53.372093023255815,StratifiedGroupKFold,T16,spikes
1560.0,2,0.3488372093023256,0.3333333333333333,58.604651162790695,StratifiedGroupKFold,T16,spikes
1580.0,2,0.4186046511627907,0.4270833333333333,53.372093023255815,StratifiedGroupKFold,T16,spikes
1600.0,2,0.4883720930232558,0.4979166666666667,50.23255813953488,StratifiedGroupKFold,T16,spikes
1620.0,2,0.5116279069767442,0.5291666666666667,47.093023255813954,StratifiedGroupKFold,T16,spikes
1640.0,2,0.5348837209302325,0.55,40.81395348837209,StratifiedGroupKFold,T16,spikes
1660.0,2,0.5813953488372093,0.5916666666666666,34.53488372093023,StratifiedGroupKFold,T16,spikes
1680.0,2,0.6046511627906976,0.6125,29.302325581395348,StratifiedGroupKFold,T16,spikes
1700.0,2,0.627906976744186,0.6333333333333333,28.25581395348837,StratifiedGroupKFold,T16,spikes
1720.0,2,0.6511627906976745,0.6635416666666667,27.209302325581394,StratifiedGroupKFold,T16,spikes
1740.0,2,0.627906976744186,0.6416666666666666,25.11627906976744,StratifiedGroupKFold,T16,spikes
1760.0,2,0.627906976744186,0.6375,21.976744186046513,StratifiedGroupKFold,T16,spikes
1780.0,2,0.5581395348837209,0.5604166666666667,27.209302325581394,StratifiedGroupKFold,T16,spikes
1800.0,2,0.627906976744186,0.6322916666666667,25.11627906976744,StratifiedGroupKFold,T16,spikes
1820.0,2,0.6511627906976745,0.6479166666666667,23.023255813953487,StratifiedGroupKFold,T16,spikes
1840.0,2,0.6511627906976745,0.6479166666666667,21.976744186046513,StratifiedGroupKFold,T16,spikes
1860.0,2,0.6976744186046512,0.6843750000000001,19.88372093023256,StratifiedGroupKFold,T16,spikes
1880.0,2,0.6744186046511628,0.6479166666666667,20.930232558139537,StratifiedGroupKFold,T16,spikes
1900.0,2,0.6744186046511628,0.6520833333333333,19.88372093023256,StratifiedGroupKFold,T16,spikes
1920.0,2,0.7209302325581395,0.7041666666666667,18.837209302325583,StratifiedGroupKFold,T16,spikes
1940.0,2,0.7441860465116279,0.7250000000000001,17.790697674418606,StratifiedGroupKFold,T16,spikes
1960.0,2,0.7441860465116279,0.73125,17.790697674418606,StratifiedGroupKFold,T16,spikes
1980.0,2,0.7441860465116279,0.73125,18.837209302325583,StratifiedGroupKFold,T16,spikes
-1000.0,3,0.12195121951219512,0.11577380952380953,91.09756097560975,StratifiedGroupKFold,T16,spikes
-980.0,3,0.14634146341463414,0.1470238095238095,88.90243902439025,StratifiedGroupKFold,T16,spikes
-960.0,3,0.14634146341463414,0.1470238095238095,87.8048780487805,StratifiedGroupKFold,T16,spikes
-940.0,3,0.12195121951219512,0.1261904761904762,92.1951219512195,StratifiedGroupKFold,T16,spikes
-920.0,3,0.12195121951219512,0.1261904761904762,81.21951219512195,StratifiedGroupKFold,T16,spikes
-900.0,3,0.14634146341463414,0.14404761904761904,79.02439024390245,StratifiedGroupKFold,T16,spikes
-880.0,3,0.14634146341463414,0.16458333333333333,81.21951219512195,StratifiedGroupKFold,T16,spikes
-860.0,3,0.12195121951219512,0.13333333333333333,88.90243902439025,StratifiedGroupKFold,T16,spikes
-840.0,3,0.14634146341463414,0.15416666666666665,87.8048780487805,StratifiedGroupKFold,T16,spikes
-820.0,3,0.12195121951219512,0.12916666666666665,93.29268292682927,StratifiedGroupKFold,T16,spikes
-800.0,3,0.12195121951219512,0.12916666666666665,94.39024390243902,StratifiedGroupKFold,T16,spikes
-780.0,3,0.14634146341463414,0.14077380952380952,94.39024390243902,StratifiedGroupKFold,T16,spikes
-760.0,3,0.12195121951219512,0.1199404761904762,85.60975609756098,StratifiedGroupKFold,T16,spikes
-740.0,3,0.12195121951219512,0.10654761904761904,86.70731707317073,StratifiedGroupKFold,T16,spikes
-720.0,3,0.14634146341463414,0.1244047619047619,82.3170731707317,StratifiedGroupKFold,T16,spikes
-700.0,3,0.1951219512195122,0.1806547619047619,80.1219512195122,StratifiedGroupKFold,T16,spikes
-680.0,3,0.14634146341463414,0.14404761904761904,93.29268292682927,StratifiedGroupKFold,T16,spikes
-660.0,3,0.0975609756097561,0.08154761904761904,96.58536585365853,StratifiedGroupKFold,T16,spikes
-640.0,3,0.0975609756097561,0.08154761904761904,102.07317073170732,StratifiedGroupKFold,T16,spikes
-620.0,3,0.14634146341463414,0.12321428571428572,92.1951219512195,StratifiedGroupKFold,T16,spikes
-600.0,3,0.07317073170731707,0.06369047619047619,90.0,StratifiedGroupKFold,T16,spikes
-580.0,3,0.0975609756097561,0.08452380952380953,94.39024390243902,StratifiedGroupKFold,T16,spikes
-560.0,3,0.0975609756097561,0.10119047619047619,88.90243902439025,StratifiedGroupKFold,T16,spikes
-540.0,3,0.0975609756097561,0.0907738095238095,96.58536585365853,StratifiedGroupKFold,T16,spikes
-520.0,3,0.12195121951219512,0.1220238095238095,91.09756097560975,StratifiedGroupKFold,T16,spikes
-500.0,3,0.14634146341463414,0.14583333333333334,96.58536585365853,StratifiedGroupKFold,T16,spikes
-480.0,3,0.14634146341463414,0.14285714285714285,97.6829268292683,StratifiedGroupKFold,T16,spikes
-460.0,3,0.14634146341463414,0.13988095238095238,97.6829268292683,StratifiedGroupKFold,T16,spikes
-440.0,3,0.17073170731707318,0.17113095238095238,85.60975609756098,StratifiedGroupKFold,T16,spikes
-420.0,3,0.17073170731707318,0.17113095238095238,83.41463414634147,StratifiedGroupKFold,T16,spikes
-400.0,3,0.1951219512195122,0.19315476190476188,74.63414634146342,StratifiedGroupKFold,T16,spikes
-380.0,3,0.17073170731707318,0.16488095238095238,82.3170731707317,StratifiedGroupKFold,T16,spikes
-360.0,3,0.17073170731707318,0.16488095238095238,80.1219512195122,StratifiedGroupKFold,T16,spikes
-340.0,3,0.14634146341463414,0.13988095238095238,82.3170731707317,StratifiedGroupKFold,T16,spikes
-320.0,3,0.14634146341463414,0.13988095238095238,87.8048780487805,StratifiedGroupKFold,T16,spikes
-300.0,3,0.17073170731707318,0.16815476190476192,79.02439024390245,StratifiedGroupKFold,T16,spikes
-280.0,3,0.17073170731707318,0.16815476190476192,80.1219512195122,StratifiedGroupKFold,T16,spikes
-260.0,3,0.17073170731707318,0.18154761904761904,75.73170731707317,StratifiedGroupKFold,T16,spikes
-240.0,3,0.14634146341463414,0.15029761904761904,86.70731707317073,StratifiedGroupKFold,T16,spikes
-220.0,3,0.12195121951219512,0.11904761904761904,79.02439024390245,StratifiedGroupKFold,T16,spikes
-200.0,3,0.12195121951219512,0.11904761904761904,73.53658536585365,StratifiedGroupKFold,T16,spikes
-180.0,3,0.12195121951219512,0.11904761904761904,72.4390243902439,StratifiedGroupKFold,T16,spikes
-160.0,3,0.14634146341463414,0.14404761904761904,69.14634146341463,StratifiedGroupKFold,T16,spikes
-140.0,3,0.12195121951219512,0.1261904761904762,73.53658536585365,StratifiedGroupKFold,T16,spikes
-120.0,3,0.12195121951219512,0.1261904761904762,73.53658536585365,StratifiedGroupKFold,T16,spikes
-100.0,3,0.0975609756097561,0.09077380952380952,79.02439024390245,StratifiedGroupKFold,T16,spikes
-80.0,3,0.0975609756097561,0.09077380952380952,75.73170731707317,StratifiedGroupKFold,T16,spikes
-60.0,3,0.0975609756097561,0.08035714285714285,72.4390243902439,StratifiedGroupKFold,T16,spikes
-40.0,3,0.07317073170731707,0.0625,84.51219512195122,StratifiedGroupKFold,T16,spikes
-20.0,3,0.07317073170731707,0.06666666666666667,83.41463414634147,StratifiedGroupKFold,T16,spikes
0.0,3,0.0975609756097561,0.10833333333333332,81.21951219512195,StratifiedGroupKFold,T16,spikes
20.0,3,0.12195121951219512,0.13958333333333334,79.02439024390245,StratifiedGroupKFold,T16,spikes
40.0,3,0.14634146341463414,0.16041666666666665,75.73170731707317,StratifiedGroupKFold,T16,spikes
60.0,3,0.14634146341463414,0.16041666666666665,80.1219512195122,StratifiedGroupKFold,T16,spikes
80.0,3,0.14634146341463414,0.17083333333333334,82.3170731707317,StratifiedGroupKFold,T16,spikes
100.0,3,0.14634146341463414,0.15,84.51219512195122,StratifiedGroupKFold,T16,spikes
120.0,3,0.17073170731707318,0.1636904761904762,81.21951219512195,StratifiedGroupKFold,T16,spikes
140.0,3,0.1951219512195122,0.1949404761904762,83.41463414634147,StratifiedGroupKFold,T16,spikes
160.0,3,0.24390243902439024,0.24702380952380953,87.8048780487805,StratifiedGroupKFold,T16,spikes
180.0,3,0.24390243902439024,0.26041666666666663,87.8048780487805,StratifiedGroupKFold,T16,spikes
200.0,3,0.24390243902439024,0.25744047619047616,84.51219512195122,StratifiedGroupKFold,T16,spikes
220.0,3,0.21951219512195122,0.2407738095238095,81.21951219512195,StratifiedGroupKFold,T16,spikes
240.0,3,0.21951219512195122,0.2407738095238095,76.82926829268293,StratifiedGroupKFold,T16,spikes
260.0,3,0.2926829268292683,0.30744047619047615,61.46341463414634,StratifiedGroupKFold,T16,spikes
280.0,3,0.24390243902439024,0.2511904761904762,66.95121951219512,StratifiedGroupKFold,T16,spikes
300.0,3,0.21951219512195122,0.23035714285714284,72.4390243902439,StratifiedGroupKFold,T16,spikes
320.0,3,0.1951219512195122,0.2095238095238095,77.92682926829268,StratifiedGroupKFold,T16,spikes
340.0,3,0.1951219512195122,0.21666666666666665,80.1219512195122,StratifiedGroupKFold,T16,spikes
360.0,3,0.1951219512195122,0.21666666666666665,80.1219512195122,StratifiedGroupKFold,T16,spikes
380.0,3,0.24390243902439024,0.26994047619047623,69.14634146341463,StratifiedGroupKFold,T16,spikes
400.0,3,0.2926829268292683,0.32202380952380955,64.7560975609756,StratifiedGroupKFold,T16,spikes
420.0,3,0.36585365853658536,0.3711309523809524,54.8780487804878,StratifiedGroupKFold,T16,spikes
440.0,3,0.3902439024390244,0.3857142857142857,49.390243902439025,StratifiedGroupKFold,T16,spikes
460.0,3,0.43902439024390244,0.444047619047619,48.292682926829265,StratifiedGroupKFold,T16,spikes
480.0,3,0.43902439024390244,0.4398809523809524,43.90243902439025,StratifiedGroupKFold,T16,spikes
500.0,3,0.36585365853658536,0.36279761904761904,52.68292682926829,StratifiedGroupKFold,T16,spikes
520.0,3,0.43902439024390244,0.43273809523809526,46.09756097560975,StratifiedGroupKFold,T16,spikes
540.0,3,0.4878048780487805,0.4848214285714285,43.90243902439025,StratifiedGroupKFold,T16,spikes
560.0,3,0.4634146341463415,0.46398809523809526,46.09756097560975,StratifiedGroupKFold,T16,spikes
580.0,3,0.4146341463414634,0.4223214285714285,49.390243902439025,StratifiedGroupKFold,T16,spikes
600.0,3,0.36585365853658536,0.38363095238095235,47.19512195121951,StratifiedGroupKFold,T16,spikes
620.0,3,0.3902439024390244,0.40148809523809526,49.390243902439025,StratifiedGroupKFold,T16,spikes
640.0,3,0.43902439024390244,0.4535714285714285,41.707317073170735,StratifiedGroupKFold,T16,spikes
660.0,3,0.4146341463414634,0.43273809523809526,45.0,StratifiedGroupKFold,T16,spikes
680.0,3,0.34146341463414637,0.3494047619047619,48.292682926829265,StratifiedGroupKFold,T16,spikes
700.0,3,0.34146341463414637,0.32559523809523805,45.0,StratifiedGroupKFold,T16,spikes
720.0,3,0.3170731707317073,0.29434523809523805,48.292682926829265,StratifiedGroupKFold,T16,spikes
740.0,3,0.2926829268292683,0.2776785714285714,51.58536585365854,StratifiedGroupKFold,T16,spikes
760.0,3,0.34146341463414637,0.3401785714285714,50.48780487804878,StratifiedGroupKFold,T16,spikes
780.0,3,0.3170731707317073,0.2985119047619047,54.8780487804878,StratifiedGroupKFold,T16,spikes
800.0,3,0.3170731707317073,0.2994047619047619,57.073170731707314,StratifiedGroupKFold,T16,spikes
820.0,3,0.2682926829268293,0.23809523809523808,63.65853658536585,StratifiedGroupKFold,T16,spikes
840.0,3,0.24390243902439024,0.2130952380952381,65.85365853658537,StratifiedGroupKFold,T16,spikes
860.0,3,0.24390243902439024,0.22648809523809524,65.85365853658537,StratifiedGroupKFold,T16,spikes
880.0,3,0.24390243902439024,0.22648809523809524,65.85365853658537,StratifiedGroupKFold,T16,spikes
900.0,3,0.24390243902439024,0.22857142857142854,69.14634146341463,StratifiedGroupKFold,T16,spikes
920.0,3,0.21951219512195122,0.20357142857142854,72.4390243902439,StratifiedGroupKFold,T16,spikes
940.0,3,0.24390243902439024,0.21398809523809523,73.53658536585365,StratifiedGroupKFold,T16,spikes
960.0,3,0.24390243902439024,0.21101190476190473,72.4390243902439,StratifiedGroupKFold,T16,spikes
980.0,3,0.17073170731707318,0.1544642857142857,85.60975609756098,StratifiedGroupKFold,T16,spikes
1000.0,3,0.1951219512195122,0.1794642857142857,83.41463414634147,StratifiedGroupKFold,T16,spikes
1020.0,3,0.1951219512195122,0.18988095238095237,83.41463414634147,StratifiedGroupKFold,T16,spikes
1040.0,3,0.17073170731707318,0.17202380952380952,85.60975609756098,StratifiedGroupKFold,T16,spikes
1060.0,3,0.2682926829268293,0.25982142857142854,71.34146341463415,StratifiedGroupKFold,T16,spikes
1080.0,3,0.2926829268292683,0.2806547619047619,72.4390243902439,StratifiedGroupKFold,T16,spikes
1100.0,3,0.34146341463414637,0.3235119047619048,62.5609756097561,StratifiedGroupKFold,T16,spikes
1120.0,3,0.4146341463414634,0.40059523809523806,55.97560975609756,StratifiedGroupKFold,T16,spikes
1140.0,3,0.3902439024390244,0.39315476190476195,57.073170731707314,StratifiedGroupKFold,T16,spikes
1160.0,3,0.3170731707317073,0.30565476190476193,64.7560975609756,StratifiedGroupKFold,T16,spikes
1180.0,3,0.3170731707317073,0.30565476190476193,64.7560975609756,StratifiedGroupKFold,T16,spikes
1200.0,3,0.3170731707317073,0.31279761904761905,58.170731707317074,StratifiedGroupKFold,T16,spikes
1220.0,3,0.3170731707317073,0.319047619047619,58.170731707317074,StratifiedGroupKFold,T16,spikes
1240.0,3,0.2926829268292683,0.2982142857142857,59.26829268292683,StratifiedGroupKFold,T16,spikes
1260.0,3,0.3170731707317073,0.3294642857142857,60.36585365853659,StratifiedGroupKFold,T16,spikes
1280.0,3,0.3902439024390244,0.4211309523809524,49.390243902439025,StratifiedGroupKFold,T16,spikes
1300.0,3,0.4146341463414634,0.4419642857142857,46.09756097560975,StratifiedGroupKFold,T16,spikes
1320.0,3,0.4146341463414634,0.4151785714285714,46.09756097560975,StratifiedGroupKFold,T16,spikes
1340.0,3,0.43902439024390244,0.4464285714285714,49.390243902439025,StratifiedGroupKFold,T16,spikes
1360.0,3,0.43902439024390244,0.4464285714285714,48.292682926829265,StratifiedGroupKFold,T16,spikes
1380.0,3,0.4146341463414634,0.4285714285714286,48.292682926829265,StratifiedGroupKFold,T16,spikes
1400.0,3,0.4146341463414634,0.43898809523809523,46.09756097560975,StratifiedGroupKFold,T16,spikes
1420.0,3,0.3902439024390244,0.40773809523809523,51.58536585365854,StratifiedGroupKFold,T16,spikes
1440.0,3,0.3902439024390244,0.40773809523809523,55.97560975609756,StratifiedGroupKFold,T16,spikes
1460.0,3,0.4146341463414634,0.4255952380952381,55.97560975609756,StratifiedGroupKFold,T16,spikes
1480.0,3,0.4634146341463415,0.47351190476190474,50.48780487804878,StratifiedGroupKFold,T16,spikes
1500.0,3,0.5121951219512195,0.5193452380952381,43.90243902439025,StratifiedGroupKFold,T16,spikes
1520.0,3,0.5121951219512195,0.5089285714285714,45.0,StratifiedGroupKFold,T16,spikes
1540.0,3,0.5365853658536586,0.5267857142857143,40.609756097560975,StratifiedGroupKFold,T16,spikes
1560.0,3,0.4878048780487805,0.4809523809523809,45.0,StratifiedGroupKFold,T16,spikes
1580.0,3,0.5609756097560976,0.5580357142857143,41.707317073170735,StratifiedGroupKFold,T16,spikes
1600.0,3,0.5121951219512195,0.5017857142857143,37.31707317073171,StratifiedGroupKFold,T16,spikes
1620.0,3,0.5121951219512195,0.5089285714285714,32.926829268292686,StratifiedGroupKFold,T16,spikes
1640.0,3,0.5365853658536586,0.5401785714285714,27.4390243902439,StratifiedGroupKFold,T16,spikes
1660.0,3,0.4878048780487805,0.4880952380952381,30.73170731707317,StratifiedGroupKFold,T16,spikes
1680.0,3,0.5121951219512195,0.5089285714285714,29.634146341463413,StratifiedGroupKFold,T16,spikes
1700.0,3,0.5853658536585366,0.5684523809523809,24.146341463414632,StratifiedGroupKFold,T16,spikes
1720.0,3,0.5121951219512195,0.5047619047619047,26.341463414634145,StratifiedGroupKFold,T16,spikes
1740.0,3,0.5609756097560976,0.5568452380952381,24.146341463414632,StratifiedGroupKFold,T16,spikes
1760.0,3,0.5365853658536586,0.5297619047619048,27.4390243902439,StratifiedGroupKFold,T16,spikes
1780.0,3,0.5121951219512195,0.49851190476190477,27.4390243902439,StratifiedGroupKFold,T16,spikes
1800.0,3,0.5609756097560976,0.5372023809523809,26.341463414634145,StratifiedGroupKFold,T16,spikes
1820.0,3,0.5365853658536586,0.5193452380952381,26.341463414634145,StratifiedGroupKFold,T16,spikes
1840.0,3,0.5853658536585366,0.5693452380952382,24.146341463414632,StratifiedGroupKFold,T16,spikes
1860.0,3,0.5853658536585366,0.5693452380952382,24.146341463414632,StratifiedGroupKFold,T16,spikes
1880.0,3,0.6097560975609756,0.6110119047619048,23.048780487804876,StratifiedGroupKFold,T16,spikes
1900.0,3,0.6585365853658537,0.6601190476190477,19.75609756097561,StratifiedGroupKFold,T16,spikes
1920.0,3,0.7073170731707317,0.7059523809523809,15.365853658536585,StratifiedGroupKFold,T16,spikes
1940.0,3,0.6829268292682927,0.6788690476190475,16.463414634146343,StratifiedGroupKFold,T16,spikes
1960.0,3,0.7560975609756098,0.7592261904761904,12.073170731707316,StratifiedGroupKFold,T16,spikes
1980.0,3,0.7073170731707317,0.6967261904761904,16.463414634146343,StratifiedGroupKFold,T16,spikes
-1000.0,4,0.125,0.12738095238095237,93.75,StratifiedGroupKFold,T16,spikes
-980.0,4,0.10416666666666667,0.10654761904761904,99.375,StratifiedGroupKFold,T16,spikes
-960.0,4,0.10416666666666667,0.10654761904761904,88.125,StratifiedGroupKFold,T16,spikes
-940.0,4,0.041666666666666664,0.03869047619047619,95.625,StratifiedGroupKFold,T16,spikes
-920.0,4,0.041666666666666664,0.03571428571428571,95.625,StratifiedGroupKFold,T16,spikes
-900.0,4,0.0625,0.060714285714285714,92.8125,StratifiedGroupKFold,T16,spikes
-880.0,4,0.0625,0.060714285714285714,102.1875,StratifiedGroupKFold,T16,spikes
-860.0,4,0.16666666666666666,0.16726190476190475,90.0,StratifiedGroupKFold,T16,spikes
-840.0,4,0.16666666666666666,0.16726190476190475,89.0625,StratifiedGroupKFold,T16,spikes
-820.0,4,0.14583333333333334,0.1494047619047619,90.9375,StratifiedGroupKFold,T16,spikes
-800.0,4,0.14583333333333334,0.14226190476190476,81.5625,StratifiedGroupKFold,T16,spikes
-780.0,4,0.125,0.12440476190476189,86.25,StratifiedGroupKFold,T16,spikes
-760.0,4,0.10416666666666667,0.10654761904761904,84.375,StratifiedGroupKFold,T16,spikes
-740.0,4,0.14583333333333334,0.14523809523809522,81.5625,StratifiedGroupKFold,T16,spikes
-720.0,4,0.10416666666666667,0.10238095238095238,85.3125,StratifiedGroupKFold,T16,spikes
-700.0,4,0.125,0.12023809523809523,88.125,StratifiedGroupKFold,T16,spikes
-680.0,4,0.08333333333333333,0.08154761904761905,89.0625,StratifiedGroupKFold,T16,spikes
-660.0,4,0.10416666666666667,0.10654761904761906,89.0625,StratifiedGroupKFold,T16,spikes
-640.0,4,0.10416666666666667,0.10654761904761904,84.375,StratifiedGroupKFold,T16,spikes
-620.0,4,0.10416666666666667,0.10357142857142856,88.125,StratifiedGroupKFold,T16,spikes
-600.0,4,0.125,0.1244047619047619,85.3125,StratifiedGroupKFold,T16,spikes
-580.0,4,0.0625,0.07083333333333333,91.875,StratifiedGroupKFold,T16,spikes
-560.0,4,0.08333333333333333,0.0886904761904762,90.0,StratifiedGroupKFold,T16,spikes
-540.0,4,0.08333333333333333,0.0886904761904762,90.0,StratifiedGroupKFold,T16,spikes
-520.0,4,0.0625,0.06369047619047619,95.625,StratifiedGroupKFold,T16,spikes
-500.0,4,0.125,0.1244047619047619,93.75,StratifiedGroupKFold,T16,spikes
-480.0,4,0.125,0.1244047619047619,99.375,StratifiedGroupKFold,T16,spikes
-460.0,4,0.14583333333333334,0.14523809523809522,97.5,StratifiedGroupKFold,T16,spikes
-440.0,4,0.1875,0.1880952380952381,86.25,StratifiedGroupKFold,T16,spikes
-420.0,4,0.20833333333333334,0.19880952380952382,84.375,StratifiedGroupKFold,T16,spikes
-400.0,4,0.16666666666666666,0.1630952380952381,92.8125,StratifiedGroupKFold,T16,spikes
-380.0,4,0.16666666666666666,0.16726190476190475,93.75,StratifiedGroupKFold,T16,spikes
-360.0,4,0.16666666666666666,0.16726190476190475,96.5625,StratifiedGroupKFold,T16,spikes
-340.0,4,0.20833333333333334,0.20595238095238094,85.3125,StratifiedGroupKFold,T16,spikes
-320.0,4,0.22916666666666666,0.23095238095238096,79.6875,StratifiedGroupKFold,T16,spikes
-300.0,4,0.22916666666666666,0.22380952380952382,81.5625,StratifiedGroupKFold,T16,spikes
-280.0,4,0.14583333333333334,0.14226190476190476,90.9375,StratifiedGroupKFold,T16,spikes
-260.0,4,0.08333333333333333,0.0744047619047619,100.3125,StratifiedGroupKFold,T16,spikes
-240.0,4,0.125,0.11726190476190476,91.875,StratifiedGroupKFold,T16,spikes
-220.0,4,0.08333333333333333,0.07857142857142857,98.4375,StratifiedGroupKFold,T16,spikes
-200.0,4,0.08333333333333333,0.07857142857142857,90.9375,StratifiedGroupKFold,T16,spikes
-180.0,4,0.0625,0.06369047619047619,92.8125,StratifiedGroupKFold,T16,spikes
-160.0,4,0.10416666666666667,0.10535714285714286,87.1875,StratifiedGroupKFold,T16,spikes
-140.0,4,0.14583333333333334,0.1511904761904762,87.1875,StratifiedGroupKFold,T16,spikes
-120.0,4,0.14583333333333334,0.1511904761904762,93.75,StratifiedGroupKFold,T16,spikes
-100.0,4,0.125,0.13035714285714284,87.1875,StratifiedGroupKFold,T16,spikes
-80.0,4,0.22916666666666666,0.23273809523809522,75.0,StratifiedGroupKFold,T16,spikes
-60.0,4,0.16666666666666666,0.1761904761904762,82.5,StratifiedGroupKFold,T16,spikes
-40.0,4,0.125,0.1375,90.0,StratifiedGroupKFold,T16,spikes
-20.0,4,0.1875,0.1910714285714286,86.25,StratifiedGroupKFold,T16,spikes
0.0,4,0.1875,0.19523809523809524,82.5,StratifiedGroupKFold,T16,spikes
20.0,4,0.125,0.1386904761904762,87.1875,StratifiedGroupKFold,T16,spikes
40.0,4,0.14583333333333334,0.15654761904761905,83.4375,StratifiedGroupKFold,T16,spikes
60.0,4,0.14583333333333334,0.15654761904761905,85.3125,StratifiedGroupKFold,T16,spikes
80.0,4,0.16666666666666666,0.16726190476190475,80.625,StratifiedGroupKFold,T16,spikes
100.0,4,0.125,0.11726190476190476,84.375,StratifiedGroupKFold,T16,spikes
120.0,4,0.125,0.11726190476190476,75.0,StratifiedGroupKFold,T16,spikes
140.0,4,0.10416666666666667,0.10357142857142856,79.6875,StratifiedGroupKFold,T16,spikes
160.0,4,0.10416666666666667,0.09642857142857142,75.9375,StratifiedGroupKFold,T16,spikes
180.0,4,0.041666666666666664,0.03571428571428571,79.6875,StratifiedGroupKFold,T16,spikes
200.0,4,0.0625,0.060714285714285714,74.0625,StratifiedGroupKFold,T16,spikes
220.0,4,0.0625,0.06785714285714287,80.625,StratifiedGroupKFold,T16,spikes
240.0,4,0.10416666666666667,0.11071428571428572,79.6875,StratifiedGroupKFold,T16,spikes
260.0,4,0.125,0.12857142857142856,76.875,StratifiedGroupKFold,T16,spikes
280.0,4,0.14583333333333334,0.14642857142857144,73.125,StratifiedGroupKFold,T16,spikes
300.0,4,0.1875,0.18928571428571428,69.375,StratifiedGroupKFold,T16,spikes
320.0,4,0.22916666666666666,0.23214285714285715,62.8125,StratifiedGroupKFold,T16,spikes
340.0,4,0.2916666666666667,0.30297619047619045,54.375,StratifiedGroupKFold,T16,spikes
360.0,4,0.3125,0.3208333333333333,51.5625,StratifiedGroupKFold,T16,spikes
380.0,4,0.25,0.25297619047619047,60.0,StratifiedGroupKFold,T16,spikes
400.0,4,0.25,0.25,60.0,StratifiedGroupKFold,T16,spikes
420.0,4,0.22916666666666666,0.22380952380952382,65.625,StratifiedGroupKFold,T16,spikes
440.0,4,0.2916666666666667,0.2934523809523809,58.125,StratifiedGroupKFold,T16,spikes
460.0,4,0.2916666666666667,0.2934523809523809,60.9375,StratifiedGroupKFold,T16,spikes
480.0,4,0.3333333333333333,0.34226190476190477,53.4375,StratifiedGroupKFold,T16,spikes
500.0,4,0.3125,0.3244047619047619,56.25,StratifiedGroupKFold,T16,spikes
520.0,4,0.3125,0.3255952380952381,54.375,StratifiedGroupKFold,T16,spikes
540.0,4,0.2916666666666667,0.30773809523809526,59.0625,StratifiedGroupKFold,T16,spikes
560.0,4,0.20833333333333334,0.2119047619047619,72.1875,StratifiedGroupKFold,T16,spikes
580.0,4,0.22916666666666666,0.2255952380952381,64.6875,StratifiedGroupKFold,T16,spikes
600.0,4,0.22916666666666666,0.2226190476190476,61.875,StratifiedGroupKFold,T16,spikes
620.0,4,0.1875,0.17678571428571427,76.875,StratifiedGroupKFold,T16,spikes
640.0,4,0.20833333333333334,0.19464285714285712,80.625,StratifiedGroupKFold,T16,spikes
660.0,4,0.1875,0.1738095238095238,76.875,StratifiedGroupKFold,T16,spikes
680.0,4,0.20833333333333334,0.19464285714285712,72.1875,StratifiedGroupKFold,T16,spikes
700.0,4,0.2708333333333333,0.25535714285714284,63.75,StratifiedGroupKFold,T16,spikes
720.0,4,0.3125,0.29107142857142854,56.25,StratifiedGroupKFold,T16,spikes
740.0,4,0.22916666666666666,0.21249999999999997,61.875,StratifiedGroupKFold,T16,spikes
760.0,4,0.20833333333333334,0.2089285714285714,66.5625,StratifiedGroupKFold,T16,spikes
780.0,4,0.22916666666666666,0.22976190476190475,72.1875,StratifiedGroupKFold,T16,spikes
800.0,4,0.22916666666666666,0.22976190476190475,75.9375,StratifiedGroupKFold,T16,spikes
820.0,4,0.3333333333333333,0.3261904761904762,70.3125,StratifiedGroupKFold,T16,spikes
840.0,4,0.3125,0.3053571428571429,72.1875,StratifiedGroupKFold,T16,spikes
860.0,4,0.2708333333333333,0.2625,74.0625,StratifiedGroupKFold,T16,spikes
880.0,4,0.2708333333333333,0.27261904761904765,68.4375,StratifiedGroupKFold,T16,spikes
900.0,4,0.25,0.2517857142857143,70.3125,StratifiedGroupKFold,T16,spikes
920.0,4,0.25,0.2517857142857143,71.25,StratifiedGroupKFold,T16,spikes
940.0,4,0.2708333333333333,0.26964285714285713,76.875,StratifiedGroupKFold,T16,spikes
960.0,4,0.3541666666666667,0.3470238095238095,64.6875,StratifiedGroupKFold,T16,spikes
980.0,4,0.375,0.37083333333333335,62.8125,StratifiedGroupKFold,T16,spikes
1000.0,4,0.3333333333333333,0.3279761904761905,64.6875,StratifiedGroupKFold,T16,spikes
1020.0,4,0.3125,0.3041666666666667,61.875,StratifiedGroupKFold,T16,spikes
1040.0,4,0.2916666666666667,0.2833333333333333,62.8125,StratifiedGroupKFold,T16,spikes
1060.0,4,0.25,0.2476190476190476,70.3125,StratifiedGroupKFold,T16,spikes
1080.0,4,0.2708333333333333,0.2654761904761905,65.625,StratifiedGroupKFold,T16,spikes
1100.0,4,0.22916666666666666,0.22976190476190475,79.6875,StratifiedGroupKFold,T16,spikes
1120.0,4,0.2708333333333333,0.26845238095238094,73.125,StratifiedGroupKFold,T16,spikes
1140.0,4,0.25,0.24345238095238095,76.875,StratifiedGroupKFold,T16,spikes
1160.0,4,0.25,0.24464285714285713,74.0625,StratifiedGroupKFold,T16,spikes
1180.0,4,0.3125,0.2982142857142857,58.125,StratifiedGroupKFold,T16,spikes
1200.0,4,0.3333333333333333,0.31607142857142856,57.1875,StratifiedGroupKFold,T16,spikes
1220.0,4,0.2916666666666667,0.27321428571428574,59.0625,StratifiedGroupKFold,T16,spikes
1240.0,4,0.3333333333333333,0.3261904761904762,60.0,StratifiedGroupKFold,T16,spikes
1260.0,4,0.3333333333333333,0.3261904761904762,57.1875,StratifiedGroupKFold,T16,spikes
1280.0,4,0.4166666666666667,0.4119047619047619,46.875,StratifiedGroupKFold,T16,spikes
1300.0,4,0.4166666666666667,0.41488095238095246,51.5625,StratifiedGroupKFold,T16,spikes
1320.0,4,0.4166666666666667,0.4220238095238096,51.5625,StratifiedGroupKFold,T16,spikes
1340.0,4,0.4375,0.4470238095238095,46.875,StratifiedGroupKFold,T16,spikes
1360.0,4,0.4166666666666667,0.4291666666666667,43.125,StratifiedGroupKFold,T16,spikes
1380.0,4,0.3958333333333333,0.4113095238095238,42.1875,StratifiedGroupKFold,T16,spikes
1400.0,4,0.3958333333333333,0.4113095238095238,41.25,StratifiedGroupKFold,T16,spikes
1420.0,4,0.375,0.3904761904761905,41.25,StratifiedGroupKFold,T16,spikes
1440.0,4,0.4791666666666667,0.48988095238095236,35.625,StratifiedGroupKFold,T16,spikes
1460.0,4,0.5208333333333334,0.5398809523809525,32.8125,StratifiedGroupKFold,T16,spikes
1480.0,4,0.4791666666666667,0.49404761904761907,37.5,StratifiedGroupKFold,T16,spikes
1500.0,4,0.4583333333333333,0.46904761904761905,43.125,StratifiedGroupKFold,T16,spikes
1520.0,4,0.4791666666666667,0.4869047619047619,46.875,StratifiedGroupKFold,T16,spikes
1540.0,4,0.5833333333333334,0.5863095238095238,35.625,StratifiedGroupKFold,T16,spikes
1560.0,4,0.6041666666666666,0.6041666666666667,30.9375,StratifiedGroupKFold,T16,spikes
1580.0,4,0.6666666666666666,0.6636904761904762,29.0625,StratifiedGroupKFold,T16,spikes
1600.0,4,0.5833333333333334,0.5708333333333333,35.625,StratifiedGroupKFold,T16,spikes
1620.0,4,0.5833333333333334,0.5779761904761904,32.8125,StratifiedGroupKFold,T16,spikes
1640.0,4,0.5833333333333334,0.5779761904761904,33.75,StratifiedGroupKFold,T16,spikes
1660.0,4,0.6041666666666666,0.6101190476190477,32.8125,StratifiedGroupKFold,T16,spikes
1680.0,4,0.6875,0.6988095238095238,26.25,StratifiedGroupKFold,T16,spikes
1700.0,4,0.6875,0.7017857142857142,27.1875,StratifiedGroupKFold,T16,spikes
1720.0,4,0.7083333333333334,0.7166666666666667,23.4375,StratifiedGroupKFold,T16,spikes
1740.0,4,0.7083333333333334,0.7166666666666667,21.5625,StratifiedGroupKFold,T16,spikes
1760.0,4,0.7083333333333334,0.7136904761904762,17.8125,StratifiedGroupKFold,T16,spikes
1780.0,4,0.7083333333333334,0.7166666666666666,17.8125,StratifiedGroupKFold,T16,spikes
1800.0,4,0.6458333333333334,0.6416666666666666,20.625,StratifiedGroupKFold,T16,spikes
1820.0,4,0.625,0.6166666666666667,20.625,StratifiedGroupKFold,T16,spikes
1840.0,4,0.625,0.6166666666666667,21.5625,StratifiedGroupKFold,T16,spikes
1860.0,4,0.6041666666666666,0.5916666666666667,25.3125,StratifiedGroupKFold,T16,spikes
1880.0,4,0.625,0.6095238095238096,24.375,StratifiedGroupKFold,T16,spikes
1900.0,4,0.6041666666666666,0.605952380952381,23.4375,StratifiedGroupKFold,T16,spikes
1920.0,4,0.5833333333333334,0.5851190476190475,27.1875,StratifiedGroupKFold,T16,spikes
1940.0,4,0.5625,0.5642857142857143,31.875,StratifiedGroupKFold,T16,spikes
1960.0,4,0.5625,0.5601190476190476,30.9375,StratifiedGroupKFold,T16,spikes
1980.0,4,0.6041666666666666,0.605952380952381,27.1875,StratifiedGroupKFold,T16,spikes
